State,Year,Total,Any coverage,Uninsured,Private,Employer-based,Direct-purchase,TRICARE,Public,Medicaid,Medicare,VA Care
United States,2024,100,91.8,8.2,67.2,54.6,14.1,2.8,36.8,20.5,18.9,2.3
United States,2023,100,92.1,7.9,67,54.7,13.9,2.8,37.4,21.3,18.8,2.2
United States,2022,100,92,8,67.2,54.8,13.9,2.7,37.2,21.2,18.5,2.2
United States,2021,100,91.4,8.6,67,54.7,13.7,2.7,36.8,21.1,18.2,2.2
United States,2020,,,,,,,,,,,
United States,2019,100,90.8,9.2,67.4,55.4,13.1,2.7,35.4,19.8,18.1,2.2
United States,2018,100,91.1,8.9,67.5,55.2,13.4,2.7,35.6,20.5,17.6,2.3
United States,2017,100,91.3,8.7,67.6,55,13.5,2.7,35.5,20.6,17.3,2.3
United States,2016,100,91.4,8.6,67.8,54.7,14.1,2.7,35.4,20.9,17,2.3
United States,2015,100,90.6,9.4,67.5,54.4,13.8,2.7,34.7,20.5,16.7,2.2
United States,2014,100,88.3,11.7,66.4,54.2,12.8,2.6,33.2,19.2,16.3,2.2
United States,2013,100,85.5,14.5,65,54,11.9,2.6,31.6,17.9,15.9,2.2
United States,2012,100,85.2,14.8,65.1,54.6,12.2,2.7,31.1,17.9,15.5,2.2
United States,2011,100,84.9,15.1,65.2,54.7,12.2,2.6,30.5,17.6,15,2.1
United States,2010,100,84.5,15.5,65.8,54.9,12.7,2.6,29.7,17,14.7,2.1
United States,2009,100,84.9,15.1,67.4,56.6,13.1,2.5,28.5,16.2,14.4,2.1
United States,2008,100,85.4,14.6,69.6,58.7,14.2,2.6,27.3,15.1,14.3,2.1
Alabama,2024,100,91.8,8.2,67.5,53.5,14.8,5,37.9,19.8,20.8,3.2
Alabama,2023,100,91.5,8.5,67.1,53.6,14.1,4.9,38.6,20.6,20.8,2.9
Alabama,2022,100,91.2,8.8,67,53.6,14.3,4.9,38.4,20.5,20.8,2.8
Alabama,2021,100,90.1,9.9,66.4,53.1,14.4,4.7,37.3,19.4,20.5,2.7
Alabama,2020,,,,,,,,,,,
Alabama,2019,100,90.3,9.7,66.9,54.1,13.3,4.8,37.3,19.6,20.8,2.7
Alabama,2018,100,90,10,66.6,53.6,13.4,4.6,37.2,19.7,20.5,2.9
Alabama,2017,100,90.6,9.4,66.9,53.2,14,4.5,37.8,20.5,20.3,3
Alabama,2016,100,90.9,9.1,67.9,53.5,14.9,4.5,36.9,20.1,19.8,2.9
Alabama,2015,100,89.9,10.1,66.9,53.2,14.2,4.3,36.6,20.1,19.4,2.9
Alabama,2014,100,87.9,12.1,65.7,53,12.8,4.4,35.5,19.6,18.8,2.6
Alabama,2013,100,86.4,13.6,64.8,52.3,13,4.3,34.8,19.2,18.6,2.6
Alabama,2012,100,86.7,13.3,65.1,53.7,13.6,4.6,34.6,19.5,18.2,2.7
Alabama,2011,100,85.7,14.3,64.9,53.1,12.6,4.7,33.1,18.3,17.4,2.8
Alabama,2010,100,85.4,14.6,65.4,53.4,13.1,4.4,32.5,18.2,17,2.5
Alabama,2009,100,86.2,13.8,67.1,55.4,13.8,4,31.8,17.7,16.9,2.6
Alabama,2008,100,86.7,13.3,69.3,57.8,14.6,4.2,30.6,16.5,16.8,2.7
Alaska,2024,100,89,11,65.8,54.4,8.9,9,37.8,23.3,16,4.3
Alaska,2023,100,89.6,10.4,66,54,9.4,9.1,37.8,23.5,15.2,4.5
Alaska,2022,100,89,11,66.4,55.4,8.7,8.3,37.2,23.1,14.9,4
Alaska,2021,100,88.6,11.4,64.2,53.1,8.7,8.7,37.6,24.2,14.2,4.2
Alaska,2020,,,,,,,,,,,
Alaska,2019,100,87.8,12.2,64.8,54.2,7.4,9.8,35.2,21.8,14,4.2
Alaska,2018,100,87.4,12.6,64.5,53.5,7.4,9.8,34.6,22,13.4,4.6
Alaska,2017,100,86.3,13.7,63.2,51.4,7.6,9.8,34.7,22.7,12.1,4.4
Alaska,2016,100,86,14,67.3,55,7.8,9.8,29.4,18.3,11.3,3.9
Alaska,2015,100,85.1,14.9,67,54.6,9,10.1,28.7,18.2,10.8,3.7
Alaska,2014,100,82.8,17.2,65.6,53,7.4,10.1,26.8,16.7,10.6,3.9
Alaska,2013,100,81.5,18.5,65.2,55.9,6.5,7.9,25.8,15.8,9.9,3.4
Alaska,2012,100,79.5,20.5,62.9,53.6,7.5,9.2,25.6,16,9.9,3.5
Alaska,2011,100,79.9,20.1,62.9,52.5,6.3,8.9,25.3,16.5,9.3,2.9
Alaska,2010,100,80.1,19.9,64.8,54.5,6.5,9.6,23.6,15.4,8.8,2.9
Alaska,2009,100,78.9,21.1,64.5,54.1,7.5,9.3,22.8,14.5,8.7,3
Alaska,2008,100,80.9,19.1,67.8,56.9,8.7,9.7,22,14.1,8.9,3.2
Arizona,2024,100,89.7,10.3,65,52.6,13.4,3.4,37.6,19.1,20.6,2.8
Arizona,2023,100,90.1,9.9,64,52.3,12.6,3.4,38.4,20.5,20.1,2.9
Arizona,2022,100,89.7,10.3,63.9,51.2,13.5,3.3,38.3,20.8,19.6,2.8
Arizona,2021,100,89.3,10.7,63.2,50.9,12.9,3.2,39,21.4,19.4,2.7
Arizona,2020,,,,,,,,,,,
Arizona,2019,100,88.7,11.3,62.7,50.6,12.5,3.4,38.4,20.8,19.7,3
Arizona,2018,100,89.4,10.6,62.6,50.4,12.8,3.3,39.3,22.4,19.2,3
Arizona,2017,100,89.9,10.1,63,50.1,13.3,3.2,39.2,22.5,18.7,2.9
Arizona,2016,100,90,10,62.2,48.7,13.9,3.1,39.7,23.3,18.5,2.9
Arizona,2015,100,89.2,10.8,62.8,48.9,14.2,3.3,38.5,22.2,18.2,2.9
Arizona,2014,100,86.4,13.6,61.2,48.2,13.1,3.2,36.6,20.9,17.6,2.9
Arizona,2013,100,82.9,17.1,59.9,48.1,12.2,3.2,34.4,19,17,2.7
Arizona,2012,100,82.4,17.6,59.3,48.1,12.8,3.3,34.1,19.5,16.4,2.7
Arizona,2011,100,82.8,17.2,59.1,48.2,12.3,3.2,34.8,20.6,15.9,2.8
Arizona,2010,100,83.1,16.9,60.4,49,12.4,3.1,34.2,20.4,15.4,2.4
Arizona,2009,100,82.7,17.3,61.1,49.8,12.5,3,32.6,19.6,14.6,2.6
Arizona,2008,100,82,18,63,51.5,13.5,3.3,30.7,17.5,14.8,2.6
Arkansas,2024,100,90.6,9.4,60.8,47.7,14.1,3.1,42.6,24.9,21.1,3.1
Arkansas,2023,100,91.1,8.9,60.2,47.3,13.9,3.1,43,25.5,20.4,3
Arkansas,2022,100,91.6,8.4,60,47.1,13.9,3,45,27.4,20.8,3.2
Arkansas,2021,100,90.8,9.2,59,46,13.5,3.1,44.4,27.2,20.4,3.1
Arkansas,2020,,,,,,,,,,,
Arkansas,2019,100,90.9,9.1,59.3,46.8,13.1,3.1,44,26.6,20.7,3.2
Arkansas,2018,100,91.8,8.2,60.4,47.2,13.5,3.3,44.2,27.1,20.5,3.1
Arkansas,2017,100,92.1,7.9,61.3,46.7,14.6,3.7,44.4,27.3,20.4,3.6
Arkansas,2016,100,92.1,7.9,62,47.6,14.7,3.4,43.2,26.6,19.8,3.3
Arkansas,2015,100,90.5,9.5,61.3,46.7,14.8,3.3,42.1,25.5,19.8,3.5
Arkansas,2014,100,88.2,11.8,60.4,47.2,13.5,3.1,40.2,24,19,3.4
Arkansas,2013,100,84,16,58.1,46.2,12.2,3.3,37.9,21.6,19.1,3.4
Arkansas,2012,100,83.6,16.4,58.7,47.7,12.5,3.1,36.4,20.8,18.4,3.4
Arkansas,2011,100,82.9,17.1,58.5,47,13.1,3.1,36.6,21.3,18.2,3.3
Arkansas,2010,100,82.5,17.5,58.8,47,13.3,3.3,36,20.5,17.9,3.3
Arkansas,2009,100,83,17,59.9,47.8,13.7,3.3,35.5,20.5,17.6,3.6
Arkansas,2008,100,82.9,17.1,60.6,48.3,14.7,3.5,35.2,20.6,17.5,3.5
California,2024,100,94.1,5.9,63.2,52.5,12.7,1.6,41,27.9,16.9,1.5
California,2023,100,93.6,6.4,63.4,52.6,12.7,1.6,40.3,27.2,16.7,1.4
California,2022,100,93.5,6.5,63.8,52.5,13.1,1.7,40,27,16.5,1.5
California,2021,100,93,7,63.7,52.5,12.9,1.7,39.3,26.6,16,1.5
California,2020,,,,,,,,,,,
California,2019,100,92.3,7.7,63.9,53,12.1,1.7,37.8,25.5,15.6,1.5
California,2018,100,92.8,7.2,63.7,52.3,12.6,1.8,38.4,26.4,15.2,1.6
California,2017,100,92.8,7.2,63.6,52,12.6,1.7,38.4,26.6,15.1,1.5
California,2016,100,92.7,7.3,63,51.2,12.7,1.8,38.9,27.3,14.9,1.6
California,2015,100,91.4,8.6,62.5,50.6,12.6,1.8,38,26.6,14.5,1.5
California,2014,100,87.6,12.4,61.8,50.5,11.9,1.8,34.3,23.2,14,1.5
California,2013,100,82.8,17.2,60,49.7,11,1.8,31.2,20.3,13.6,1.5
California,2012,100,82.1,17.9,60,50,11.2,1.8,30.5,20,13.2,1.5
California,2011,100,81.9,18.1,60.2,49.9,11.6,1.8,29.8,19.7,12.7,1.4
California,2010,100,81.5,18.5,60.6,50,12,1.8,29.1,19.2,12.6,1.4
California,2009,100,82,18,62.6,51.7,13,1.7,27.7,18,12.3,1.4
California,2008,100,82.7,17.3,64.6,53.6,13.9,1.8,27,17.3,12.3,1.4
Colorado,2024,100,92.1,7.9,70.8,56.6,14.2,4.3,32.2,16.5,17,2.5
Colorado,2023,100,93.3,6.7,70.3,57.3,13.1,4,33.9,18.7,16.6,2.5
Colorado,2022,100,92.9,7.1,70.5,57.4,13.6,3.8,33.3,18.4,16.2,2.4
Colorado,2021,100,92,8,70.1,56.4,13.5,4.2,33.3,18.7,16.1,2.3
Colorado,2020,,,,,,,,,,,
Colorado,2019,100,92,8,70.9,57.4,13.3,4.1,31.5,17.1,15.6,2.5
Colorado,2018,100,92.5,7.5,70.7,56.9,13.8,4,32.7,18.6,15.3,2.4
Colorado,2017,100,92.5,7.5,70,55.4,13.9,4.3,33.2,19.5,15.1,2.5
Colorado,2016,100,92.5,7.5,70.2,55.3,14.2,4.1,32.8,19.4,14.8,2.4
Colorado,2015,100,91.9,8.1,70.4,54.9,14.9,4.1,32,19.1,14.3,2.3
Colorado,2014,100,89.7,10.3,69.7,54.8,13.9,4.1,30.2,17.5,13.9,2.2
Colorado,2013,100,85.9,14.1,68.9,54.3,13.7,4.5,26.9,14.5,13.6,2.2
Colorado,2012,100,85.3,14.7,68.7,54.9,13.5,4.2,26.3,14.5,13,2
Colorado,2011,100,84.9,15.1,69.4,55.4,14.1,4,25.1,13.8,12.6,2.1
Colorado,2010,100,84.1,15.9,69.8,55.4,14.5,3.9,23.8,12.9,12.2,1.9
Colorado,2009,100,84.2,15.8,71.3,57.3,14.7,3.9,22.4,11.7,11.8,1.9
Colorado,2008,100,83.3,16.7,72.5,58.9,15.4,3.7,20.4,10.2,11.5,1.8
Connecticut,2024,100,94.2,5.8,67.6,58.2,11.8,1.3,38,22,19.8,1.3
Connecticut,2023,100,94.3,5.7,67.8,57.7,12.4,1.2,38.3,22.5,19.7,1.4
Connecticut,2022,100,94.8,5.2,68.9,58.9,12.4,1,37.6,22.4,18.8,1.3
Connecticut,2021,100,94.8,5.2,69.2,58.7,12.5,1.4,37.7,22.5,18.7,1.5
Connecticut,2020,,,,,,,,,,,
Connecticut,2019,100,94.1,5.9,69.4,59.2,12,1.4,37.1,21.8,18.4,1.6
Connecticut,2018,100,94.7,5.3,71,60.3,12.8,1.3,35.8,20.6,18,1.6
Connecticut,2017,100,94.5,5.5,71.4,60.1,13.3,1.3,35.2,20.5,17.8,1.5
Connecticut,2016,100,95.1,4.9,71.9,60.4,13.2,1.3,35,20.5,17.2,1.5
Connecticut,2015,100,94,6,71.9,60.7,12.9,1.2,33.5,19.6,16.7,1.5
Connecticut,2014,100,93.1,6.9,71.2,60.5,12.3,1.3,33.2,19.2,16.4,1.6
Connecticut,2013,100,90.6,9.4,70.7,61,11.6,1.4,31.2,17.3,16.2,1.7
Connecticut,2012,100,90.9,9.1,72,62.9,12.2,1.3,30.4,17,15.8,1.8
Connecticut,2011,100,91.2,8.8,73.1,63.7,12.5,1.3,29.5,16.3,15.4,1.7
Connecticut,2010,100,90.9,9.1,74,64.5,13,1.2,28.4,15.1,15.2,1.7
Connecticut,2009,100,91.2,8.8,76.2,66.4,13.6,1.1,26.4,13.6,14.6,1.7
Connecticut,2008,100,91.2,8.8,78.4,69,14.5,1.2,25.1,12.6,14.5,1.8
Delaware,2024,100,93.1,6.9,69.8,57.1,14.3,4.1,39.9,19.7,23.1,2.3
Delaware,2023,100,93.5,6.5,69.1,58.6,12.9,3.1,41.3,21.4,22.7,2.3
Delaware,2022,100,94.4,5.6,71.8,60.2,14.3,3.8,39.5,19.8,22,2.1
Delaware,2021,100,94.3,5.7,71.2,58.6,15.6,3.2,40.1,20.9,21.7,2.3
Delaware,2020,,,,,,,,,,,
Delaware,2019,100,93.4,6.6,70.9,59.4,13.6,4.4,39.5,20.8,21.6,2.5
Delaware,2018,100,94.3,5.7,70.6,59.7,13.2,2.8,39.8,21.4,20.8,2
Delaware,2017,100,94.6,5.4,73.6,62.3,12.5,3.7,36.5,18.5,20.1,2.3
Delaware,2016,100,94.3,5.7,71.4,60.3,12.8,3.1,37.1,20.3,19.3,1.8
Delaware,2015,100,94.1,5.9,71.3,60.5,11.5,3.6,37.4,20.6,19.2,1.9
Delaware,2014,100,92.2,7.8,71.1,61.1,11.1,3.9,35.5,18.9,18.6,2
Delaware,2013,100,90.9,9.1,69.9,60.7,10.8,3.5,35.6,19.8,18.4,1.7
Delaware,2012,100,91.2,8.8,70.5,61.8,10.6,3.3,35.2,20.1,17.5,1.7
Delaware,2011,100,90.6,9.4,70.3,62.3,11.3,3.2,33.9,19.3,16.9,1.8
Delaware,2010,100,90.3,9.7,70.9,61.9,11.9,3.4,33.1,18.6,16.5,1.8
Delaware,2009,100,89.8,10.2,72.4,64.3,10.9,3.4,31,17,16.1,2
Delaware,2008,100,90,10,74.8,66.2,13.4,3.4,28.9,15.5,15.9,2.2
District of Columbia,2024,100,95.5,4.5,69.4,60.6,10.3,1.9,34.6,25.4,13.2,1.1
District of Columbia,2023,100,97.3,2.7,73.7,64.7,11.5,1.9,33.6,24.4,12.9,1.2
District of Columbia,2022,100,97.1,2.9,72.5,62.3,12.2,1.8,33.8,24.1,13.5,1.6
District of Columbia,2021,100,96.3,3.7,71.9,61.2,12.6,2.2,34.5,24.9,13.4,1.2
District of Columbia,2020,,,,,,,,,,,
District of Columbia,2019,100,96.5,3.5,72.6,61.4,13,2.1,34.2,24.8,13.2,1.4
District of Columbia,2018,100,96.8,3.2,70.4,59.3,13.3,1.8,35.8,26.7,13.3,1.1
District of Columbia,2017,100,96.2,3.8,70.1,58.2,15.4,2.3,36.1,27,13.6,1.4
District of Columbia,2016,100,96.1,3.9,68.4,57.3,12.6,2,37.1,28.3,12.8,1.7
District of Columbia,2015,100,96.2,3.8,70.5,58.7,14.2,1.7,35,25.9,12.5,1.4
District of Columbia,2014,100,94.7,5.3,68,57,13,2,36.5,27.9,12,1.7
District of Columbia,2013,100,93.3,6.7,68.8,59.6,11.6,1.5,35.3,26.3,12.6,1.5
District of Columbia,2012,100,94.1,5.9,69.5,60,13.9,2.1,35.7,26.7,12.4,1.7
District of Columbia,2011,100,93.1,6.9,70.7,62.4,14.7,1.6,34.2,25.5,11.8,1.4
District of Columbia,2010,100,92.4,7.6,69.8,60.9,19.4,1.5,34.9,25.4,12.5,1.6
District of Columbia,2009,100,93,7,67.9,58.6,17.4,1.3,35.7,26.5,12.3,1.6
District of Columbia,2008,100,92.4,7.6,69.9,60.9,16,1.3,32.9,24,11.9,1.6
Florida,2024,100,89.1,10.9,65.4,45.8,20.2,3.7,35.8,16.3,22.4,2.9
Florida,2023,100,89.3,10.7,64.2,45.7,19.1,3.8,37.5,17.8,22.6,3
Florida,2022,100,88.8,11.2,63.6,45.5,18.8,3.6,37.5,17.8,22.5,2.9
Florida,2021,100,87.9,12.1,63.1,45.5,18.4,3.5,37.4,17.9,22.4,2.9
Florida,2020,,,,,,,,,,,
Florida,2019,100,86.8,13.2,62.5,45.8,16.9,3.6,36.8,17.3,22.6,2.9
Florida,2018,100,87,13,62.3,45.5,17,3.5,37.1,18.2,22.1,3
Florida,2017,100,87.1,12.9,62.1,45,17.1,3.6,37.3,18.6,21.7,3
Florida,2016,100,87.5,12.5,62.4,44.9,17.6,3.5,37.6,19,21.6,3
Florida,2015,100,86.7,13.3,61.8,44.3,17.2,3.6,37.3,19,21.2,3
Florida,2014,100,83.4,16.6,59,43.9,14.8,3.6,36.3,18.3,20.9,2.9
Florida,2013,100,80,20,56.8,43.7,12.8,3.6,35,17.4,20.4,2.8
Florida,2012,100,79.9,20.1,57.2,44.9,13,3.5,34.6,17.4,19.9,3
Florida,2011,100,79.1,20.9,57.6,45.4,13,3.5,33.3,16.5,19.4,2.9
Florida,2010,100,78.7,21.3,58.7,45.8,14,3.5,32.2,15.5,19,2.9
Florida,2009,100,79.1,20.9,60.8,47.8,14.6,3.4,31,14.7,18.8,2.9
Florida,2008,100,79.8,20.2,63.8,50.7,15.7,3.5,29.1,12.8,18.8,3
Georgia,2024,100,88,12,67.2,53.7,14.4,3.9,31.9,17,16.9,2.7
Georgia,2023,100,88.6,11.4,66.3,53,14.3,4.1,33.5,18.8,16.8,2.7
Georgia,2022,100,88.3,11.7,66.6,53.9,13.8,4.1,33,18.3,16.6,2.6
Georgia,2021,100,87.4,12.6,66.1,53.9,12.6,4,32.4,18,16.5,2.5
Georgia,2020,,,,,,,,,,,
Georgia,2019,100,86.6,13.4,65.8,54.2,11.8,4,31.4,17.2,16.4,2.5
Georgia,2018,100,86.3,13.7,65.8,53.9,11.9,3.9,31.2,17.4,15.9,2.5
Georgia,2017,100,86.6,13.4,66.1,53.7,12.4,4.1,30.7,17.4,15.5,2.4
Georgia,2016,100,87.1,12.9,66.3,52.7,13.5,4,31.3,18,15.4,2.5
Georgia,2015,100,86.1,13.9,65.3,52.3,12.8,3.9,30.9,18,14.8,2.3
Georgia,2014,100,84.2,15.8,63.2,51.8,10.9,4,30.4,17.9,14.6,2.2
Georgia,2013,100,81.2,18.8,61.5,51,10.2,4.1,29.1,17,14,2.2
Georgia,2012,100,81.6,18.4,62,52,10.5,4.2,28.8,17.2,13.6,2.1
Georgia,2011,100,80.4,19.6,61.7,51.6,10.5,4.1,27.7,16.4,13.1,2.1
Georgia,2010,100,80.3,19.7,62.3,52,11.2,3.9,27,16.1,12.7,1.9
Georgia,2009,100,80.9,19.1,64,53.9,11.6,3.6,25.9,15.3,12.2,1.9
Georgia,2008,100,81.8,18.2,65.8,55.3,12.4,3.8,25.1,14.9,12,1.8
Hawaii,2024,100,96.5,3.5,74.6,61.1,13.5,7.8,40.1,20.1,21.9,3.1
Hawaii,2023,100,96.8,3.2,75.2,61.6,13.6,7.8,40.3,20.4,21.8,2.8
Hawaii,2022,100,96.5,3.5,75,61.3,13.7,8,39.4,19.6,21.2,3
Hawaii,2021,100,96.1,3.9,74.5,60.5,13.6,8.2,39.8,20.8,20.5,3.1
Hawaii,2020,,,,,,,,,,,
Hawaii,2019,100,95.8,4.2,76.1,63.9,12.9,7.8,36.3,18,20.2,2.5
Hawaii,2018,100,95.9,4.1,76.3,62.9,12.2,9.2,35.2,17.7,19.3,2.8
Hawaii,2017,100,96.2,3.8,77,63.3,12.2,9,35.2,17.9,18.6,2.7
Hawaii,2016,100,96.5,3.5,77.2,63.8,12.2,9.1,34.1,17.7,17.9,2.5
Hawaii,2015,100,96,4,76.5,63.1,11.7,9,33.5,17.8,17.4,2.3
Hawaii,2014,100,94.7,5.3,75.4,62.5,10.8,9.4,33.3,17.6,17.1,2.3
Hawaii,2013,100,93.3,6.7,75.6,61.8,11.2,9.7,31.5,16.4,16.9,2.2
Hawaii,2012,100,93.1,6.9,75.5,61.4,13.1,9.4,31.1,16.6,16,1.9
Hawaii,2011,100,92.9,7.1,75.7,62.8,14.9,8.9,30.2,16.3,15.9,1.7
Hawaii,2010,100,92.1,7.9,76.3,63.5,17,7.6,29.5,15.6,15.7,2
Hawaii,2009,100,93,7,78.8,65.6,15.6,8.6,28.5,14.6,15.5,2
Hawaii,2008,100,93.5,6.5,81.9,69,18.2,8.1,26.1,12.3,16,1.8
Idaho,2024,100,90.8,9.2,69.8,54.3,16.1,3.8,33.7,16.2,19,3
Idaho,2023,100,91.1,8.9,68.8,53.9,15.6,3.4,35.7,18.5,18.6,2.7
Idaho,2022,100,91.8,8.2,68.3,53,16.1,3.4,37.2,20.6,18.7,2.9
Idaho,2021,100,91.2,8.8,68.1,52.8,15.5,3.3,36.8,20.2,18.3,3.2
Idaho,2020,,,,,,,,,,,
Idaho,2019,100,89.2,10.8,70,53.2,17.4,3.6,32.5,16,18,3.2
Idaho,2018,100,88.9,11.1,69.7,52.2,17.8,3.7,32.5,16.5,18.1,3.3
Idaho,2017,100,89.9,10.1,69.8,52.8,17,3.5,33.5,18,17.4,3.2
Idaho,2016,100,89.9,10.1,70.1,51.7,19.2,3.2,32.6,17.6,17,3.1
Idaho,2015,100,89,11,69.6,51.2,18.8,3,32.4,17.4,16.8,3
Idaho,2014,100,86.4,13.6,68.4,50.7,17.9,3.5,30.8,16,16.1,3
Idaho,2013,100,83.8,16.2,66.5,51.4,15.7,3.2,29.7,15.2,15.7,3.1
Idaho,2012,100,83.8,16.2,66.3,51.7,17.2,2.8,29.6,15.7,15.3,2.8
Idaho,2011,100,83.5,16.5,66.9,51.1,17.1,3.3,28.5,15.1,14.7,2.7
Idaho,2010,100,82.3,17.7,67.4,52.1,16.6,3.3,26.9,13.7,14.4,2.7
Idaho,2009,100,82.6,17.4,67.9,52.8,17,3.3,26.3,13.6,13.7,2.7
Idaho,2008,100,82.8,17.2,70.5,55.4,18.2,3.1,24.6,12.2,13.3,2.7
Illinois,2024,100,93.1,6.9,69.5,59.2,12.5,1.2,34.9,18.9,18.3,1.5
Illinois,2023,100,93.8,6.2,69.7,59.5,12.6,1.1,35.6,19.9,18.1,1.5
Illinois,2022,100,93.4,6.6,69.3,58.8,12.9,1.3,35.8,20.2,18,1.6
Illinois,2021,100,93,7,69.4,58.8,12.8,1.3,35,19.7,17.5,1.6
Illinois,2020,,,,,,,,,,,
Illinois,2019,100,92.6,7.4,70.1,59.8,12.3,1.2,33.5,18.2,17.2,1.7
Illinois,2018,100,93,7,70.2,59.3,12.8,1.1,33.9,19.2,16.6,1.7
Illinois,2017,100,93.2,6.8,69.9,58.7,13.1,1.1,34.2,20,16.2,1.7
Illinois,2016,100,93.5,6.5,70.4,58.5,13.9,1.1,34,20.2,15.8,1.7
Illinois,2015,100,92.9,7.1,69.8,58,13.5,1.2,33.8,20.3,15.4,1.7
Illinois,2014,100,90.3,9.7,68.2,57.3,12.7,1.1,32.5,19.3,15.1,1.7
Illinois,2013,100,87.3,12.7,66.8,57,11.7,1.1,31,18.1,14.7,1.6
Illinois,2012,100,87.2,12.8,67.3,58,12,1.2,30.5,17.9,14.3,1.7
Illinois,2011,100,86.9,13.1,66.8,57.7,11.5,1.1,30.3,18.1,13.9,1.6
Illinois,2010,100,86.2,13.8,67.4,57.8,12.2,1.1,29.2,17.2,13.6,1.6
Illinois,2009,100,86.7,13.3,68.8,59.4,12.2,1.1,28.3,16.8,13.3,1.7
Illinois,2008,100,87.6,12.4,71.7,62.1,13.6,1.1,26.6,15.4,13.2,1.7
Indiana,2024,100,92.5,7.5,67.2,56.6,12.6,1.7,37.1,20.6,18.8,2.1
Indiana,2023,100,93.1,6.9,67.8,57.2,12.6,1.6,37.4,21.1,18.6,2.1
Indiana,2022,100,93,7,68.4,57.4,13,1.6,36.8,20.7,18.5,2.1
Indiana,2021,100,92.5,7.5,69,58.2,12.6,1.6,35.9,20.1,18.1,2
Indiana,2020,,,,,,,,,,,
Indiana,2019,100,91.3,8.7,69.5,58.8,12.2,1.7,33.7,17.7,18,2.2
Indiana,2018,100,91.7,8.3,70.2,59.3,12.9,1.7,33.8,18,17.6,2.4
Indiana,2017,100,91.8,8.2,70.7,59,13.4,1.5,33.5,18,17.4,2.3
Indiana,2016,100,91.9,8.1,70.8,58.6,14,1.5,33.3,18.1,17.2,2.3
Indiana,2015,100,90.4,9.6,70.5,58.7,13.4,1.5,31.8,16.8,16.7,2.2
Indiana,2014,100,88.1,11.9,69,58.2,12.4,1.4,30.6,15.9,16.4,2.3
Indiana,2013,100,86,14,67.6,57.5,11.9,1.4,29.9,15.7,16.1,2.3
Indiana,2012,100,85.7,14.3,67.8,58.7,11.7,1.5,29.3,15.3,15.6,2.2
Indiana,2011,100,85.5,14.5,67.7,58.4,11.8,1.6,29,15.6,15,2.3
Indiana,2010,100,85.2,14.8,68.2,58.1,12.7,1.4,28.5,15,14.8,2.2
Indiana,2009,100,85.7,14.3,70.3,60.6,12.7,1.4,27,14.1,14.3,2.1
Indiana,2008,100,86.6,13.4,72.7,63.1,13.7,1.5,25.8,13.1,14.2,2.2
Iowa,2024,100,94.6,5.4,71.4,57.6,16,1.8,36.6,19.1,19.5,2.3
Iowa,2023,100,95,5,71.8,58.3,15.8,1.9,37.8,20.6,19.5,2.3
Iowa,2022,100,95.5,4.5,73.3,59.5,16.1,1.6,36.8,19.8,19.4,2.3
Iowa,2021,100,95.2,4.8,72.3,58.6,15.6,1.7,37,20.4,19,2.3
Iowa,2020,,,,,,,,,,,
Iowa,2019,100,95,5,73.2,60.1,14.8,1.8,36.1,19.4,18.9,2.6
Iowa,2018,100,95.3,4.7,74.8,60.3,16.8,1.8,35.4,19.2,18.2,2.7
Iowa,2017,100,95.3,4.7,75.8,60.8,16.9,1.7,33.9,18.1,17.8,2.4
Iowa,2016,100,95.7,4.3,75.3,60.1,17.1,1.7,34.6,19.1,17.6,2.5
Iowa,2015,100,95,5,76.2,60.4,17.9,1.7,33.6,18.4,17.4,2.7
Iowa,2014,100,93.8,6.2,75.6,60.2,17.2,1.6,32.3,17.3,17.1,2.6
Iowa,2013,100,91.9,8.1,74.8,60.2,16.5,1.6,31.1,16.3,16.9,2.7
Iowa,2012,100,91.6,8.4,75.6,61.2,17.9,1.7,30.3,15.9,16.7,2.7
Iowa,2011,100,91.1,8.9,75.5,61.3,17.5,1.6,29.7,15.6,16.3,2.7
Iowa,2010,100,90.7,9.3,75.7,61.1,18,1.6,29.5,15.5,16.1,2.6
Iowa,2009,100,91.4,8.6,77.9,63.1,18.6,1.5,28,14.4,15.7,2.6
Iowa,2008,100,91.3,8.7,78.8,64.1,19.4,1.6,26.8,13.4,15.7,2.7
Kansas,2024,100,91.5,8.5,73.8,58.9,16.2,4,30.6,13.4,18.9,2.5
Kansas,2023,100,91.6,8.4,73.2,58.1,16.7,3.7,31.7,14.7,18.5,2.4
Kansas,2022,100,91.4,8.6,73.7,58.2,17.2,3.7,31.2,14.5,18.2,2.4
Kansas,2021,100,90.8,9.2,72.6,57.9,15.9,3.7,31.2,14.9,18,2.3
Kansas,2020,,,,,,,,,,,
Kansas,2019,100,90.8,9.2,74.4,59.6,15.6,3.8,29.6,13.3,17.8,2.4
Kansas,2018,100,91.2,8.8,74.3,59.2,15.8,4,29.8,13.9,17.4,2.6
Kansas,2017,100,91.3,8.7,74.5,58.6,16.7,3.9,29.6,14.1,16.9,2.7
Kansas,2016,100,91.3,8.7,75.1,58,17.5,4.1,29.2,14.1,16.7,2.5
Kansas,2015,100,90.9,9.1,74.8,58.2,17.3,3.7,28.5,13.9,16.1,2.5
Kansas,2014,100,89.8,10.2,73.6,57.7,16.4,3.8,28.5,14.2,16.1,2.5
Kansas,2013,100,87.7,12.3,72.2,56.7,15.6,3.9,27.7,13.7,15.6,2.4
Kansas,2012,100,87.4,12.6,72.3,58.1,14.6,4.1,27,13.1,15.3,2.4
Kansas,2011,100,87.4,12.6,72.9,58.8,15.1,3.6,26.1,13,14.8,2.4
Kansas,2010,100,86.1,13.9,73,58.5,15.6,3.7,25.1,12.1,14.7,2.3
Kansas,2009,100,86.8,13.2,73.9,59.6,15.6,3.7,24.8,11.9,14.3,2.5
Kansas,2008,100,88.6,11.4,77,63.1,16.3,3.6,24.1,11.3,14.2,2.3
Kentucky,2024,100,93.2,6.8,63.1,52.9,11.5,3,43.5,26.2,20.4,2.5
Kentucky,2023,100,94.6,5.4,62.8,52.8,11.5,2.7,45.2,28,20.2,2.6
Kentucky,2022,100,94.4,5.6,62.8,52.9,11.4,2.7,45.2,28.2,20.2,2.7
Kentucky,2021,100,94.3,5.7,62.8,52.2,11.8,2.7,45.4,28.7,19.9,2.5
Kentucky,2020,,,,,,,,,,,
Kentucky,2019,100,93.6,6.4,63.7,52.9,11.7,2.8,43.2,25.9,20.5,2.7
Kentucky,2018,100,94.4,5.6,64.2,53.3,11.8,2.9,43.5,26.9,19.7,2.8
Kentucky,2017,100,94.6,5.4,64.5,53.3,12,2.8,43.2,27,19.5,3
Kentucky,2016,100,94.9,5.1,65.3,53.4,12.4,3,43,26.7,19.2,2.8
Kentucky,2015,100,94,6,65,53.3,12.5,2.9,42.1,26.2,19,2.7
Kentucky,2014,100,91.5,8.5,65.3,53.7,12.4,2.8,39.3,23.8,18.5,2.6
Kentucky,2013,100,85.7,14.3,64.2,54,11.5,2.7,33.7,18.3,17.9,2.8
Kentucky,2012,100,86.1,13.9,64.5,54.3,11.9,3,33.4,18.7,17.5,2.8
Kentucky,2011,100,85.6,14.4,64.1,54,12,2.7,33.4,18.9,17.3,2.8
Kentucky,2010,100,84.7,15.3,64.2,53.5,12.4,2.7,32.6,18.5,16.8,2.7
Kentucky,2009,100,85.5,14.5,65.6,55.3,12.4,2.6,31.8,18.1,16.3,2.6
Kentucky,2008,100,86.8,13.2,67.9,57.3,13.9,2.7,31.7,18.1,16.4,2.8
Louisiana,2024,100,92.3,7.7,58.3,47.4,12.3,2.8,46.3,30.2,19.8,2.5
Louisiana,2023,100,93.1,6.9,57.7,47.3,12.1,2.7,47.9,32.3,19.6,2.3
Louisiana,2022,100,93.1,6.9,58.1,47.3,11.9,3,47.7,32.4,19.3,2.4
Louisiana,2021,100,92.4,7.6,57.1,46.9,11.2,2.8,47,32,19.2,2.1
Louisiana,2020,,,,,,,,,,,
Louisiana,2019,100,91.1,8.9,57.8,47.6,11.2,2.7,44.3,29.1,18.7,2.2
Louisiana,2018,100,92,8,59.1,48.3,11.7,2.9,44.4,29.4,18.1,2.3
Louisiana,2017,100,91.6,8.4,60.3,49.1,12,2.7,42.6,28.5,17.4,2.2
Louisiana,2016,100,89.7,10.3,61.4,48.8,13.2,2.6,39.6,25.5,17.3,2.1
Louisiana,2015,100,88.1,11.9,62.5,50.2,12.6,2.8,36.3,22.6,16.8,2.3
Louisiana,2014,100,85.2,14.8,60.2,49.3,11.5,2.8,35.1,21.9,16.2,2.2
Louisiana,2013,100,83.4,16.6,59.1,49,11.1,2.5,34.5,21.8,15.7,2.2
Louisiana,2012,100,83.1,16.9,58.9,48.5,12.2,2.8,34.8,22.1,15.4,2.4
Louisiana,2011,100,82.5,17.5,58.6,48.3,12.1,2.5,34,21.7,15.2,2.1
Louisiana,2010,100,82.2,17.8,58.4,48.2,12,2.3,34,21.8,14.8,2.2
Louisiana,2009,100,82.6,17.4,60.7,50.4,12.4,2.7,32,20,14.6,2.3
Louisiana,2008,100,83,17,61.6,51.2,13.9,2.6,32,20.4,14.4,2.2
Maine,2024,100,94.5,5.5,68.7,54.6,14.5,3.5,40.8,20.2,25.2,3.5
Maine,2023,100,94.1,5.9,67.5,53.4,15.3,3,41.9,21.3,24.7,3.4
Maine,2022,100,93.4,6.6,68.7,53.9,15.3,3.7,40.5,20,24.1,3.5
Maine,2021,100,94.3,5.7,70.6,55.3,15.3,3.9,39.8,19.9,23.8,3.5
Maine,2020,,,,,,,,,,,
Maine,2019,100,92,8,69.5,54.8,15,3.6,38.6,19.5,23.7,3.3
Maine,2018,100,92,8,70.1,55.3,15.3,3.2,37.3,18.5,23.1,4
Maine,2017,100,91.9,8.1,70.5,55.2,15.9,3.3,36.2,17.8,22.7,3.6
Maine,2016,100,92,8,70.3,54.7,16.3,3.4,36.4,19.2,22.1,3.1
Maine,2015,100,91.6,8.4,68.8,53.4,15.5,3.2,37.4,20.1,21.9,3.4
Maine,2014,100,89.9,10.1,66.5,53,13.5,3.3,37.9,20.9,21.1,3.6
Maine,2013,100,88.8,11.2,64.9,53.1,11.9,3.4,38.8,22.5,20.5,3.4
Maine,2012,100,89.8,10.2,65.3,53.6,13.3,3,39.2,23.6,19.9,3.3
Maine,2011,100,89.3,10.7,65.7,54.3,12.4,3.2,37.7,23,18.9,3.5
Maine,2010,100,89.9,10.1,66.5,55,12.7,3.2,37.2,22.9,18.5,3.3
Maine,2009,100,89.5,10.5,67.9,55.8,13.5,3.1,36,21.7,18.1,3.2
Maine,2008,100,89.6,10.4,69.5,57.6,15.3,3.1,35.1,21.2,17.8,3.2
Maryland,2024,100,93.7,6.3,73.3,61.7,13.7,3.8,35,19.1,17.8,2.3
Maryland,2023,100,93.7,6.3,73.1,61.9,13.3,3.6,34.6,19.1,17.7,2
Maryland,2022,100,93.9,6.1,72.8,61.7,13.3,3.5,35.2,19.9,17.6,2
Maryland,2021,100,93.9,6.1,73,61.5,13.2,3.9,35.4,20.1,17.3,2
Maryland,2020,,,,,,,,,,,
Maryland,2019,100,94,6,74,63.1,12.3,3.9,33.5,18.4,17.1,1.9
Maryland,2018,100,94,6,74,63,12.4,3.8,33.3,18.8,16.6,2
Maryland,2017,100,93.9,6.1,74.3,63.5,12,3.5,32.2,17.9,16,2
Maryland,2016,100,93.9,6.1,74.5,62.8,12.9,3.6,31.9,18,15.8,1.9
Maryland,2015,100,93.4,6.6,74.1,62.6,12.7,3.7,31.5,17.9,15.3,1.8
Maryland,2014,100,92.1,7.9,73.6,62.9,12.3,3.5,30.7,17.4,14.9,1.8
Maryland,2013,100,89.8,10.2,73.6,63.4,11.5,3.8,28.2,15.3,14.4,1.9
Maryland,2012,100,89.7,10.3,73.5,63.8,11.8,3.6,27.6,15.1,14,1.9
Maryland,2011,100,89.6,10.4,74,64.4,12,3.5,26.6,14.6,13.6,1.7
Maryland,2010,100,88.7,11.3,74.2,64.3,12,3.5,25.7,14.1,13.2,1.7
Maryland,2009,100,88.9,11.1,76,65.9,12.8,3.6,24.1,12.6,13.1,1.8
Maryland,2008,100,89.2,10.8,78.1,68.6,15,3.5,22.6,11.4,12.9,1.8
Massachusetts,2024,100,97.2,2.8,73.1,61.7,14.4,1.2,37.4,22.5,18.9,1.4
Massachusetts,2023,100,97.4,2.6,73.1,62.2,13.8,1.2,38,23.4,18.7,1.4
Massachusetts,2022,100,97.6,2.4,73.4,62.4,14.2,1.1,37.8,23.1,18.8,1.4
Massachusetts,2021,100,97.5,2.5,73.9,62.6,14.2,1,37.3,23.1,18,1.3
Massachusetts,2020,,,,,,,,,,,
Massachusetts,2019,100,97,3,74.3,63.1,14.1,1.2,36.1,22,17.9,1.4
Massachusetts,2018,100,97.2,2.8,74,62.8,13.9,1.1,36.6,23,17.4,1.4
Massachusetts,2017,100,97.2,2.8,73.8,62.8,13.3,1.2,36.7,23.1,16.9,1.6
Massachusetts,2016,100,97.5,2.5,73.9,63,13.5,1.2,36.5,23.5,16.7,1.5
Massachusetts,2015,100,97.2,2.8,73.4,63,13,1.1,36.6,23.6,16.5,1.5
Massachusetts,2014,100,96.7,3.3,73.5,63.7,12.2,1.1,35.5,22.8,16.2,1.5
Massachusetts,2013,100,96.3,3.7,74.5,64.6,12.3,1.1,34,21.7,15.9,1.4
Massachusetts,2012,100,96.1,3.9,74.8,65.3,12.8,1.1,33.5,21.5,15.6,1.5
Massachusetts,2011,100,95.7,4.3,75,65.3,13.2,1.1,32.8,21,15.2,1.6
Massachusetts,2010,100,95.6,4.4,76,66.1,13.6,1,31.7,20.1,14.8,1.4
Massachusetts,2009,100,95.8,4.2,77.8,68,13.8,1.1,30.5,19.1,14.6,1.5
Massachusetts,2008,100,96.1,3.9,80.1,69.9,15.5,1.1,28.7,17.5,14.3,1.6
Michigan,2024,100,94.9,5.1,69.7,59.4,12.8,1.3,40.4,22.5,21.2,1.9
Michigan,2023,100,95.5,4.5,69.9,59.7,12.7,1.4,41.3,23.9,20.9,1.8
Michigan,2022,100,95.5,4.5,70.4,59.8,13.2,1.3,41,23.7,20.5,1.9
Michigan,2021,100,95,5,70.5,59.9,13,1.3,40.4,23.5,20.2,1.8
Michigan,2020,,,,,,,,,,,
Michigan,2019,100,94.2,5.8,71,60.5,13.1,1.3,38.8,21.8,20.1,2
Michigan,2018,100,94.6,5.4,71.1,60.5,13,1.3,39.1,22.5,19.6,2.1
Michigan,2017,100,94.8,5.2,71.4,60.7,13.1,1.3,38.6,22.5,19,2
Michigan,2016,100,94.6,5.4,71.2,59.9,13.7,1.3,38.7,22.8,18.8,2.1
Michigan,2015,100,93.9,6.1,71,59.9,13.3,1.2,38.1,22.5,18.6,2
Michigan,2014,100,91.5,8.5,70.5,59.6,12.8,1.2,35.8,20.6,18.2,1.9
Michigan,2013,100,89,11,69.1,59.4,11.9,1.2,34.5,19.6,17.6,1.9
Michigan,2012,100,88.6,11.4,68.7,59.7,12.2,1.1,34.1,19.6,17.2,1.9
Michigan,2011,100,88.2,11.8,68.4,59.3,12.2,1.1,33.9,20,16.6,1.8
Michigan,2010,100,87.6,12.4,68.6,59.5,12.5,1.1,33.2,19.4,16.2,1.7
Michigan,2009,100,87.8,12.2,69.9,60.9,12.7,1.1,31.6,18.4,15.6,1.7
Michigan,2008,100,89,11,73.1,64.4,13.1,1,29.6,17,15,1.6
Minnesota,2024,100,94.9,5.1,74,60.1,16.1,1.5,35.1,18.1,18.7,2.3
Minnesota,2023,100,95.8,4.2,75,61.6,16,1.5,35.1,18.4,18.3,2.3
Minnesota,2022,100,95.5,4.5,74.7,61,16.2,1.5,35.3,18.8,18,2.3
Minnesota,2021,100,95.5,4.5,75.9,61.5,16.7,1.5,34.3,18.1,17.6,2.3
Minnesota,2020,,,,,,,,,,,
Minnesota,2019,100,95.1,4.9,75.9,62.6,15.2,1.4,32.9,17.3,17.1,2.3
Minnesota,2018,100,95.6,4.4,76.1,62.3,15.8,1.4,33.2,18,16.7,2.5
Minnesota,2017,100,95.6,4.4,76,62.6,15.3,1.4,33,17.9,16.5,2.6
Minnesota,2016,100,95.9,4.1,76.8,61.8,17,1.5,32.8,18.1,16.2,2.5
Minnesota,2015,100,95.5,4.5,76.4,61.1,17.1,1.4,32.5,18.2,15.8,2.5
Minnesota,2014,100,94.1,5.9,76.6,61.9,16.6,1.3,30.6,16.6,15.3,2.5
Minnesota,2013,100,91.8,8.2,76.1,62.3,15.7,1.4,28.1,14.5,14.9,2.5
Minnesota,2012,100,92,8,76.4,63.4,15.8,1.5,27.9,14.5,14.8,2.4
Minnesota,2011,100,91.2,8.8,75.5,62.5,15.7,1.3,27.5,14.6,14.2,2.3
Minnesota,2010,100,90.9,9.1,76.6,63.1,16.2,1.3,26.9,14.2,14.1,2.3
Minnesota,2009,100,90.9,9.1,77.5,64.4,16.5,1.1,25.6,13.4,13.7,2.2
Minnesota,2008,100,91.6,8.4,79.8,66.9,17,1.2,23.9,12.2,13.3,2.1
Mississippi,2024,100,90.3,9.7,62.5,47.4,16.6,4,40.7,23.9,20.7,2.7
Mississippi,2023,100,89.7,10.3,62.1,47.3,16,4,40.1,23.5,20.3,3
Mississippi,2022,100,89.2,10.8,61.5,47.3,15.3,4,40.1,24.1,20.5,2.7
Mississippi,2021,100,88.1,11.9,59.7,46.8,13.5,4.2,40.2,24.1,20.4,2.7
Mississippi,2020,,,,,,,,,,,
Mississippi,2019,100,87,13,58.7,46.1,12.3,4,39.4,24,19.7,2.4
Mississippi,2018,100,87.9,12.1,60.5,47.9,12.7,3.7,38.9,23.4,19.5,2.4
Mississippi,2017,100,88,12,60.3,46.7,13.3,4.3,39.3,24.4,19.2,2.8
Mississippi,2016,100,88.2,11.8,60.2,46.8,13,3.9,39.4,24.6,18.6,2.8
Mississippi,2015,100,87.3,12.7,58.7,45.3,13.1,3.7,39.9,25.6,18.5,2.5
Mississippi,2014,100,85.5,14.5,58.4,45.5,12.6,3.4,38,24.2,18.1,2.5
Mississippi,2013,100,82.9,17.1,56,45,11,3.8,37.7,24,17.5,2.6
Mississippi,2012,100,83,17,56.2,45.3,12.2,3.4,37.6,24.3,17.3,2.5
Mississippi,2011,100,82.3,17.7,56.3,45.2,11.7,3.5,36.2,23.3,16.7,2.6
Mississippi,2010,100,81.8,18.2,56.5,45.3,12.1,3.6,36.1,23.2,16.5,2.5
Mississippi,2009,100,82.1,17.9,57.7,46.5,12.7,3.8,34.9,22.5,16,2.7
Mississippi,2008,100,83,17,60.6,49.1,14.4,3.4,33.5,21.5,15.7,2.7
Missouri,2024,100,92.3,7.7,68.2,56,13.4,2.7,35.9,17.3,20.3,2.8
Missouri,2023,100,92.5,7.5,68.4,56.5,13.2,2.8,36,17.7,20.1,2.8
Missouri,2022,100,91.4,8.6,68.8,56.4,13.6,2.7,34.3,16.5,19.9,2.6
Missouri,2021,100,90.6,9.4,69.8,57,14.3,2.7,32.9,15.1,19.6,2.5
Missouri,2020,,,,,,,,,,,
Missouri,2019,100,90,10,69.7,57.1,13.3,2.7,32.2,14.5,19.5,2.7
Missouri,2018,100,90.6,9.4,70.3,57.4,13.7,2.6,32.7,15.2,19.4,2.8
Missouri,2017,100,90.9,9.1,70.6,56.9,14.4,2.6,32.4,15,19.1,2.8
Missouri,2016,100,91.1,8.9,71.3,57.2,15.2,2.5,31.5,14.7,18.7,2.8
Missouri,2015,100,90.2,9.8,71,56.8,15.1,2.6,31.1,14.9,18.1,2.7
Missouri,2014,100,88.3,11.7,69.2,55.8,14.3,2.6,30.6,14.3,18.1,2.8
Missouri,2013,100,87,13,68.4,56.1,13.3,2.6,30.6,14.8,17.4,2.8
Missouri,2012,100,86.4,13.6,67.5,55.9,13.4,2.7,30.8,15.5,17.1,2.8
Missouri,2011,100,86.3,13.7,68.4,56.7,13.4,2.6,29.5,14.7,16.6,2.6
Missouri,2010,100,86.8,13.2,69.1,56.7,14.2,2.6,29.5,15,16.3,2.7
Missouri,2009,100,86.8,13.2,70.3,58.6,13.9,2.4,28.6,14.8,16,2.4
Missouri,2008,100,87.6,12.4,71.9,60.3,14.5,2.4,28,14.4,15.6,2.5
Montana,2024,100,91.2,8.8,66.7,48.7,18,3.8,39.3,18.3,22.3,3.8
Montana,2023,100,91.6,8.4,65.4,48.6,17.6,4.1,41.1,21,21.3,3.8
Montana,2022,100,91.7,8.3,65.2,48.1,17.3,4.1,40.6,21.3,21.3,3.8
Montana,2021,100,91.8,8.2,66.9,49.2,18,4.3,39.8,20.2,21.5,3.7
Montana,2020,,,,,,,,,,,
Montana,2019,100,91.7,8.3,66.3,48.6,18.5,3.8,40.6,21,21.3,4.2
Montana,2018,100,91.8,8.2,66.6,48.7,17.8,4,40.2,21.3,20.7,3.9
Montana,2017,100,91.5,8.5,67.2,48.5,18.7,3.4,38.6,20.4,19.6,4.2
Montana,2016,100,91.9,8.1,68.4,49.4,19,3.9,37.8,19.8,20,4.2
Montana,2015,100,88.4,11.6,69.7,50.1,19.7,3.5,33,14.9,19.2,3.8
Montana,2014,100,85.8,14.2,66.9,49,18.6,3.1,32.1,14.9,18.8,3.6
Montana,2013,100,83.5,16.5,65.1,49.2,16.7,3.2,31.9,14.8,18.1,3.8
Montana,2012,100,82,18,63.5,48.3,17,3.4,31.5,14.9,17.8,4.1
Montana,2011,100,81.7,18.3,65.4,49.6,18,3.5,29.5,13.2,17.1,4
Montana,2010,100,82.7,17.3,67.6,50.8,18.4,3.8,28.4,12.7,16.5,3.6
Montana,2009,100,81.8,18.2,67,51.4,17.9,3.5,27.5,12.1,16.1,3.7
Montana,2008,100,82.5,17.5,68.8,53.2,18.6,3.8,26.6,11.7,15.8,3.8
Nebraska,2024,100,92.9,7.1,73.4,57.4,17.1,3.8,31.9,15.4,18.1,2.8
Nebraska,2023,100,93.9,6.1,74.1,58.8,16.7,3,32.7,16.4,18,2.6
Nebraska,2022,100,93.3,6.7,73.6,57.8,17.2,3.2,32.3,16.3,17.8,2.7
Nebraska,2021,100,92.9,7.1,74.8,59.9,16.8,3.2,30.5,14.7,17.3,2.7
Nebraska,2020,,,,,,,,,,,
Nebraska,2019,100,91.7,8.3,75.2,60.1,16.7,3.3,28.3,12.8,17.1,2.7
Nebraska,2018,100,91.7,8.3,75.1,59.4,16.5,3.6,28.8,13.5,16.8,2.9
Nebraska,2017,100,91.7,8.3,75.9,59.7,17,3.3,27.8,13,16.3,2.7
Nebraska,2016,100,91.4,8.6,76,58.9,18.1,3.1,27.3,13,15.9,2.9
Nebraska,2015,100,91.8,8.2,76.4,58.9,18.3,3.1,27.3,12.8,15.9,2.8
Nebraska,2014,100,90.3,9.7,75,58.1,17.8,3.3,27.3,13.1,15.5,2.9
Nebraska,2013,100,88.7,11.3,73.7,57.9,16.9,3.2,26.8,13,15.2,2.8
Nebraska,2012,100,88.7,11.3,73.8,58.5,16.4,3.4,26.7,13.1,15.1,2.8
Nebraska,2011,100,88.6,11.4,73.8,57.9,17.2,3.4,26.6,13.2,14.9,2.9
Nebraska,2010,100,88.5,11.5,74.3,58,17.7,3,26.5,13.3,14.5,2.7
Nebraska,2009,100,88.1,11.9,75.1,59.7,17.5,3,25.3,12.2,14.3,3
Nebraska,2008,100,89.2,10.8,77.7,62.4,18.5,3.1,24,10.9,14.3,2.8
Nevada,2024,100,88.6,11.4,63.9,52.7,12.2,3.9,36.1,19.1,18.5,3.3
Nevada,2023,100,89.2,10.8,64.1,53.2,12.3,3.8,37.4,20.8,18.3,3.2
Nevada,2022,100,88.9,11.1,63.4,52.2,11.6,4.1,36.9,20.7,17.9,3.3
Nevada,2021,100,88.4,11.6,62.7,51.3,11.8,3.5,36.6,20.5,17.6,3.1
Nevada,2020,,,,,,,,,,,
Nevada,2019,100,88.6,11.4,65,53.8,11.2,3.6,33.8,17.8,17.5,3.1
Nevada,2018,100,88.8,11.2,64.9,53.5,11.3,3.5,34.9,19.2,17.1,3.4
Nevada,2017,100,88.8,11.2,64.9,53.9,10.9,3.3,34.2,18.9,16.7,2.9
Nevada,2016,100,88.6,11.4,64.7,52.6,11.9,3.7,34.5,19.6,16.4,3.3
Nevada,2015,100,87.7,12.3,64.5,52.7,11.4,3.6,33.5,18.6,16.3,3.1
Nevada,2014,100,84.8,15.2,64.3,53.8,10.5,3.5,30.7,16.4,15.6,3
Nevada,2013,100,79.3,20.7,62.3,53.4,9.1,3.5,26.4,12.7,14.9,3
Nevada,2012,100,77.8,22.2,61.5,51.9,10.7,3.4,25.9,12.5,14.3,3
Nevada,2011,100,78.1,21.9,63.2,54.3,9.8,3.7,24.6,11.8,13.9,2.8
Nevada,2010,100,77.4,22.6,63.5,53.9,11.6,3.6,23.4,11,13.4,2.6
Nevada,2009,100,78.1,21.9,66.1,56.7,12.9,3.3,21.5,9.6,12.7,2.6
Nevada,2008,100,79.3,20.7,68.6,60,13.4,3.5,20.6,9,12.6,2.6
New Hampshire,2024,100,95.5,4.5,76.8,62.7,16,2.2,33.2,12.5,22.1,2.6
New Hampshire,2023,100,95.3,4.7,75.9,62.4,15.9,2,33.3,13.2,21.6,2.4
New Hampshire,2022,100,95.1,4.9,75.6,62,15.3,2.3,33.5,13.4,21.5,2.8
New Hampshire,2021,100,94.9,5.1,76.6,64,14.1,2.3,32.6,13.5,20.3,2.4
New Hampshire,2020,,,,,,,,,,,
New Hampshire,2019,100,93.7,6.3,75.6,62.4,14.1,2.3,32.1,13.2,20.2,2.6
New Hampshire,2018,100,94.3,5.7,75.8,63.6,13.4,2.5,32.3,13.9,19.8,2.7
New Hampshire,2017,100,94.2,5.8,76.7,63.8,14.4,2.2,31.8,13.8,19.2,2.5
New Hampshire,2016,100,94.1,5.9,76.5,64,13.7,2.4,31.3,13.8,18.9,3
New Hampshire,2015,100,93.7,6.3,77.4,64.9,13.9,2.4,29.8,12.8,18.2,2.6
New Hampshire,2014,100,90.8,9.2,76.2,64.2,12.9,2.4,27.3,11,17.4,2.5
New Hampshire,2013,100,89.3,10.7,74.8,64.3,11.5,2.3,27,11.3,17,2.4
New Hampshire,2012,100,89.4,10.6,75.3,65.4,11.7,2.4,26.5,11.6,16.3,2.3
New Hampshire,2011,100,89.5,10.5,75.9,66.3,11,2.5,25.3,11.2,15.9,2.4
New Hampshire,2010,100,88.9,11.1,76.3,65.9,12.3,2.1,24.7,10.6,15.3,2.4
New Hampshire,2009,100,89.8,10.2,77.8,68,12,2.2,24.2,11,14.9,2.3
New Hampshire,2008,100,89.5,10.5,78.8,69.1,13,2.2,22.4,9.9,14.1,2.2
New Jersey,2024,100,92.3,7.7,70.5,60.6,12.2,1,33,17.4,18.2,1
New Jersey,2023,100,92.8,7.2,70.1,60.3,12.2,0.8,34.1,18.8,17.9,1
New Jersey,2022,100,93.2,6.8,71.2,61.2,12.6,1,33.6,18.4,17.9,1.1
New Jersey,2021,100,92.8,7.2,71.2,61.2,12.6,1,33.2,18.4,17.5,0.9
New Jersey,2020,,,,,,,,,,,
New Jersey,2019,100,92.1,7.9,71.7,62,11.8,1,31.7,16.5,17.6,1.1
New Jersey,2018,100,92.6,7.4,72.8,62.7,12.2,1,31.2,16.8,17,1.1
New Jersey,2017,100,92.3,7.7,72,62,11.9,1,31.4,17.2,16.8,1.1
New Jersey,2016,100,92,8,72.3,62,12.4,1,31.1,17.2,16.4,1.1
New Jersey,2015,100,91.3,8.7,71.3,61.6,11.5,0.9,30.9,17.4,16,1
New Jersey,2014,100,89.1,10.9,70.9,62,10.6,0.9,28.7,15.4,15.6,1
New Jersey,2013,100,86.8,13.2,70,61.8,10.2,1,27.2,14.1,15.4,1.1
New Jersey,2012,100,87.3,12.7,70.8,62.8,11.2,1,26.9,14.2,15.2,1.1
New Jersey,2011,100,86.9,13.1,71,63.2,11.1,0.9,26.1,13.8,14.7,1.1
New Jersey,2010,100,86.8,13.2,71.9,63.7,11.6,0.9,25.5,13.2,14.4,1.1
New Jersey,2009,100,87.4,12.6,73.6,65.2,12,0.9,24.4,12.3,14.4,1.1
New Jersey,2008,100,88,12,75.5,67.7,12.7,1,23.6,11.6,14.3,1.2
New Mexico,2024,100,89.9,10.1,52.6,42.3,10.7,4.3,51.4,32.9,22.2,3.3
New Mexico,2023,100,90.9,9.1,54.1,43.2,11.6,4.3,52.2,34.2,22,3.1
New Mexico,2022,100,91.8,8.2,54.4,43.8,10.5,4.4,51.2,33.6,21.3,3.5
New Mexico,2021,100,90,10,53.3,42.3,11.3,4.3,50.9,33.6,20.7,3.2
New Mexico,2020,,,,,,,,,,,
New Mexico,2019,100,90,10,53.7,43.7,10.5,4.1,50.1,33.4,20.5,3.2
New Mexico,2018,100,90.5,9.5,54.3,43.7,10.3,4.3,49.4,32.9,20,3.1
New Mexico,2017,100,90.9,9.1,54.4,43.2,10.8,4.3,49.2,33.2,19.3,3.3
New Mexico,2016,100,90.8,9.2,55.1,43.7,10.8,4.1,48.2,32.5,18.7,3
New Mexico,2015,100,89.1,10.9,54.6,43.1,10.7,4.3,46.6,31.1,18.4,3
New Mexico,2014,100,85.5,14.5,54.3,43.2,10.5,4.1,42.8,27.8,17.8,3.2
New Mexico,2013,100,81.4,18.6,53.5,43.6,9.1,4.2,39.3,24.6,17.3,3.1
New Mexico,2012,100,81.6,18.4,54.9,44.9,10.2,4.2,37.9,23.5,16.5,3.2
New Mexico,2011,100,80.2,19.8,53.2,43.6,9.9,4.2,37.7,24.1,15.6,3
New Mexico,2010,100,80.4,19.6,55.8,45.6,10.9,4.1,36.2,22.8,15.2,2.6
New Mexico,2009,100,80.3,19.7,56.6,46,11.5,4,34.9,21.7,15.2,2.9
New Mexico,2008,100,79.3,20.7,57.7,47.7,11.4,3.8,32.9,20.3,14.7,2.8
New York,2024,100,95,5,64.5,54.3,13.2,1,43.6,29.1,19.8,1.3
New York,2023,100,95.2,4.8,65.1,54.9,13.2,0.9,43.3,28.8,19.6,1.2
New York,2022,100,95.1,4.9,65.4,55.1,13.3,0.9,42.9,28.5,19.1,1.3
New York,2021,100,94.8,5.2,65.9,55.2,13.4,0.9,41.9,27.7,18.5,1.3
New York,2020,,,,,,,,,,,
New York,2019,100,94.8,5.2,67.5,56.9,13,0.9,39.6,25.7,18.1,1.3
New York,2018,100,94.6,5.4,67.2,56.4,13.3,0.9,39.9,26.2,17.8,1.4
New York,2017,100,94.3,5.7,66.9,55.9,13.2,0.8,39.6,26.3,17.2,1.3
New York,2016,100,93.9,6.1,66.6,55.8,13,0.9,39.2,26.3,16.8,1.4
New York,2015,100,92.9,7.1,65.9,55.7,12.2,0.9,38.4,25.8,16.4,1.4
New York,2014,100,91.3,8.7,65.5,56.1,11.5,0.9,36.9,24.3,16.1,1.4
New York,2013,100,89.3,10.7,65,56.5,10.8,0.9,35.2,22.8,15.9,1.4
New York,2012,100,89.1,10.9,65.4,57.4,11.2,0.9,34.8,22.5,15.5,1.4
New York,2011,100,88.6,11.4,65.1,57,11.3,0.9,34.1,22.3,15.1,1.4
New York,2010,100,88.1,11.9,66,57.6,11.9,0.8,33,21.2,14.8,1.4
New York,2009,100,88.6,11.4,67.9,59.4,12.4,0.8,31.8,20,14.7,1.5
New York,2008,100,88.6,11.4,69.5,60.8,13.6,0.9,30.6,19,14.6,1.6
North Carolina,2024,100,91.4,8.6,67.1,52.5,15.3,4.5,37.7,20.1,19.4,3.1
North Carolina,2023,100,90.8,9.2,67.3,52.5,15.3,4.7,36.4,19.1,19.4,2.9
North Carolina,2022,100,90.7,9.3,67.8,52.6,15.6,4.6,35.9,18.5,19.3,3
North Carolina,2021,100,89.6,10.4,66.9,51.9,15.2,4.5,35.8,18.7,19.2,2.8
North Carolina,2020,,,,,,,,,,,
North Carolina,2019,100,88.7,11.3,66.6,52.3,14.6,4.2,34.9,18,18.9,2.8
North Carolina,2018,100,89.3,10.7,67.3,52.7,14.7,4.5,34.7,18.2,18.6,3
North Carolina,2017,100,89.3,10.7,67,51.8,15.1,4.4,34.7,18.5,18.2,2.8
North Carolina,2016,100,89.6,10.4,67.6,51.3,16.1,4.6,34.7,18.7,18.1,2.9
North Carolina,2015,100,88.8,11.2,66.8,50.1,16.1,4.6,34.2,18.8,17.7,2.6
North Carolina,2014,100,86.9,13.1,65.5,50.1,14.8,4.5,33.4,18.3,17.2,2.6
North Carolina,2013,100,84.4,15.6,63.3,49.6,13.5,4.4,32.7,17.9,16.8,2.6
North Carolina,2012,100,83.4,16.6,62.7,49.9,13.3,4.5,32.1,17.9,16.4,2.5
North Carolina,2011,100,83.7,16.3,63.6,50.9,13.6,4.5,31.2,17.5,15.7,2.4
North Carolina,2010,100,83.2,16.8,64,50.8,13.8,4.3,30.4,16.8,15.3,2.3
North Carolina,2009,100,83.9,16.1,65.8,53,13.8,4.4,29.4,16.2,15,2.4
North Carolina,2008,100,84.5,15.5,68.1,55.2,15.4,4.2,28,15.4,14.6,2.4
North Dakota,2024,100,93.9,6.1,79.3,60.9,20.7,3.8,28.6,11.6,18.1,3.2
North Dakota,2023,100,95.5,4.5,80.8,63.2,18.6,4.7,29.3,12.8,17.5,2.9
North Dakota,2022,100,93.6,6.4,78.4,60.9,19.2,4,29.5,13.4,16.9,2.8
North Dakota,2021,100,92.1,7.9,77.3,59.8,18.5,4.2,28.4,12,16.9,3
North Dakota,2020,,,,,,,,,,,
North Dakota,2019,100,93.1,6.9,79.1,61.5,19,3.9,27.2,12.1,16.4,3.3
North Dakota,2018,100,92.7,7.3,79.7,61.9,19,3.6,26.5,11.3,16.3,2.9
North Dakota,2017,100,92.5,7.5,79.8,61.5,19,3.9,25.8,11.2,15.4,2.7
North Dakota,2016,100,93,7,80.5,61.5,20.4,3.7,26,11.6,15.6,2.8
North Dakota,2015,100,92.2,7.8,80.6,60.7,21.1,3.9,24.1,9.9,15.4,2.7
North Dakota,2014,100,92.1,7.9,80.1,61.6,19.9,3.5,25.8,11.7,15.1,2.8
North Dakota,2013,100,89.6,10.4,79.1,61.1,18.9,4,23.8,10.2,14.9,2.7
North Dakota,2012,100,90,10,79.7,62.5,19.1,4.5,23.3,9.3,15.2,3.1
North Dakota,2011,100,90.2,9.8,78.7,60.8,20.4,3.5,24.9,10.4,15.2,3.1
North Dakota,2010,100,90.2,9.8,79.8,62.1,20,4,24.1,9.3,15.6,3.1
North Dakota,2009,100,90.3,9.7,80.6,61.3,21.2,4.2,23.5,9.5,15.5,2.8
North Dakota,2008,100,90,10,79.7,60.5,21.9,3.9,24.1,10,15.2,2.7
Ohio,2024,100,93.3,6.7,67.2,57.2,12.1,1.7,38.3,20.4,20.2,2.3
Ohio,2023,100,93.9,6.1,67.3,57.4,12,1.8,39.2,21.6,20.1,2.3
Ohio,2022,100,94.1,5.9,68.1,58.1,12.2,1.8,38.8,21.3,19.8,2.3
Ohio,2021,100,93.5,6.5,67.6,57.6,12.1,1.7,38.6,21.5,19.3,2.2
Ohio,2020,,,,,,,,,,,
Ohio,2019,100,93.4,6.6,68.9,59.1,11.7,1.7,37.2,20.1,19.1,2.2
Ohio,2018,100,93.5,6.5,68.6,58.6,12,1.6,37.5,20.8,18.9,2.4
Ohio,2017,100,94,6,69.1,58.9,12.1,1.7,37.6,21,18.5,2.3
Ohio,2016,100,94.4,5.6,69.5,59.2,12.1,1.6,37.6,21.4,18.3,2.3
Ohio,2015,100,93.5,6.5,69.7,59.7,11.6,1.6,36.6,20.7,17.8,2.4
Ohio,2014,100,91.6,8.4,69,59.7,10.9,1.5,34.9,19.3,17.5,2.3
Ohio,2013,100,89,11,68.6,59.7,10.7,1.5,32.4,17.3,16.9,2.2
Ohio,2012,100,88.5,11.5,68.7,60.3,11,1.6,32.4,17.4,16.7,2.3
Ohio,2011,100,88.1,11.9,69,60.3,11.4,1.5,31.2,16.8,16.1,2.2
Ohio,2010,100,87.7,12.3,69.3,60.8,11.4,1.4,30.6,16.3,15.8,2.2
Ohio,2009,100,87.8,12.2,70.7,62.2,11.6,1.4,29.5,15.8,15.5,2
Ohio,2008,100,88.7,11.3,73.8,65.4,12.2,1.4,27.4,13.9,15.1,2.1
Oklahoma,2024,100,88.5,11.5,62.5,49.8,13.6,3.9,38.8,21.5,18.6,3.3
Oklahoma,2023,100,88.6,11.4,61.5,49,13.3,4.2,40.3,23.1,18.8,3.4
Oklahoma,2022,100,88.3,11.7,61.7,48.7,13.3,4.1,39.6,22.4,18.6,3.4
Oklahoma,2021,100,86.2,13.8,62.2,49,13.5,4,37.3,20.2,18.6,3.2
Oklahoma,2020,,,,,,,,,,,
Oklahoma,2019,100,85.7,14.3,63.9,50.8,13.2,4.2,34.5,17.3,18.7,3.4
Oklahoma,2018,100,85.8,14.2,64.1,50.8,13.5,3.9,34.6,17.7,18.2,3.4
Oklahoma,2017,100,85.8,14.2,64,50.6,13.4,3.9,34.6,18.1,18,3.2
Oklahoma,2016,100,86.2,13.8,64,49.8,14,3.9,34.6,18.2,17.8,3.3
Oklahoma,2015,100,86.1,13.9,64.7,50.9,13.7,3.9,33.7,17.5,17.6,3.3
Oklahoma,2014,100,84.6,15.4,63.5,50.5,12.9,3.8,33.2,17.5,17,3.2
Oklahoma,2013,100,82.3,17.7,61,49.1,11.8,3.9,33.2,17.7,16.8,3.3
Oklahoma,2012,100,81.6,18.4,61.2,49.9,12.2,3.9,32.4,17.2,16.6,3.1
Oklahoma,2011,100,81.3,18.7,61.3,50.3,11.9,3.9,31.8,17,16.1,3.2
Oklahoma,2010,100,81.1,18.9,61.8,49.9,12.7,3.9,31.3,16.8,15.8,3.1
Oklahoma,2009,100,81.3,18.7,62.8,50.9,13.1,4.1,30.5,16.6,15.6,3
Oklahoma,2008,100,81.3,18.7,64.2,52.6,14,4,29.4,15.8,15.5,3
Oregon,2024,100,94.8,5.2,66.5,54.2,14,2,42.2,24.5,21,2.5
Oregon,2023,100,94.5,5.5,66.9,54.6,14.2,2.1,41.4,23.9,20.7,2.7
Oregon,2022,100,94,6,67.1,54.4,14.4,2.1,41.2,23.4,20.5,2.8
Oregon,2021,100,93.9,6.1,67,54.1,14.1,2.3,41.3,23.5,20.1,3
Oregon,2020,,,,,,,,,,,
Oregon,2019,100,92.8,7.2,68,55,14.3,2.1,38.5,20.9,19.7,2.9
Oregon,2018,100,92.9,7.1,67.7,53.8,15.6,2.1,39.2,22.2,19.2,3.2
Oregon,2017,100,93.2,6.8,67.5,53,15.6,2,39.7,23,18.9,3
Oregon,2016,100,93.8,6.2,68.3,53.5,16.3,2,39.8,23.3,18.6,3.2
Oregon,2015,100,93,7,67,51.9,16.4,2.1,40.3,24,18.3,3.2
Oregon,2014,100,90.3,9.7,65.2,51.9,14.5,2.1,38.6,22.8,17.9,3.1
Oregon,2013,100,85.3,14.7,65.7,52.8,14.5,1.8,32.5,17,17.4,2.9
Oregon,2012,100,85.1,14.9,65.7,53,14.9,2,32.3,17.4,16.7,3.1
Oregon,2011,100,84.3,15.7,65.5,52.8,14.9,2,31.3,16.8,16.1,2.9
Oregon,2010,100,82.9,17.1,66.7,53.5,15.3,2,28.6,14.5,15.7,2.7
Oregon,2009,100,83,17,68.6,55.5,15.8,1.9,26.7,13.2,15,2.7
Oregon,2008,100,84.2,15.8,71.4,58,16.6,1.8,25.1,11.7,14.8,2.9
Pennsylvania,2024,100,94.2,5.8,70.3,58.1,14.8,1.5,38.6,20.3,21.5,2
Pennsylvania,2023,100,94.6,5.4,70.1,57.8,15,1.5,39.5,21.5,21.2,1.9
Pennsylvania,2022,100,94.7,5.3,71.2,58.9,14.9,1.5,38.8,21.2,20.8,2
Pennsylvania,2021,100,94.5,5.5,71.7,59.1,15.3,1.5,38.2,20.8,20.4,1.9
Pennsylvania,2020,,,,,,,,,,,
Pennsylvania,2019,100,94.2,5.8,71.9,59.1,14.8,1.5,37.6,20.1,20.4,2
Pennsylvania,2018,100,94.5,5.5,72.4,59.4,15,1.5,37.4,20.3,19.9,2.2
Pennsylvania,2017,100,94.5,5.5,72.5,59.3,15.2,1.5,36.8,19.7,19.9,2.1
Pennsylvania,2016,100,94.4,5.6,72.9,58.7,16.2,1.5,36.4,19.9,19.2,2.2
Pennsylvania,2015,100,93.6,6.4,73.5,59.5,16,1.3,34.7,18.5,18.9,2.1
Pennsylvania,2014,100,91.5,8.5,73.2,59.5,15.6,1.4,32.8,16.9,18.5,2.1
Pennsylvania,2013,100,90.3,9.7,72.2,60.1,14.3,1.3,32.3,16.6,18.1,2.1
Pennsylvania,2012,100,90.2,9.8,72.1,60.5,14.2,1.4,32.2,17,17.7,2.1
Pennsylvania,2011,100,89.9,10.1,72,60.2,14.4,1.4,31.8,17,17.4,2.1
Pennsylvania,2010,100,89.8,10.2,72.9,60.9,14.8,1.3,31.3,16.7,17,2
Pennsylvania,2009,100,90.1,9.9,74.4,62.7,15.5,1.3,30.1,15.6,16.8,2
Pennsylvania,2008,100,91,9,76.6,64.5,16.9,1.3,29.2,15,16.7,2.1
Rhode Island,2024,100,95.4,4.6,69.1,55.9,16.1,1.7,40.1,23.6,20.8,1.6
Rhode Island,2023,100,95.5,4.5,70.5,57.9,16.4,2.1,38.8,22.4,20.8,1.7
Rhode Island,2022,100,95.8,4.2,70.5,56.4,16.3,2.3,37.9,21.6,20,1.9
Rhode Island,2021,100,95.7,4.3,69.2,56.3,15.1,1.9,40.1,23.9,20,2
Rhode Island,2020,,,,,,,,,,,
Rhode Island,2019,100,95.9,4.1,73.3,60.7,15.4,2,36.2,20.4,19.7,2.1
Rhode Island,2018,100,95.9,4.1,70,57.5,14.2,2.3,38.7,23.6,19.1,2.3
Rhode Island,2017,100,95.4,4.6,69.6,56.9,14.4,2.2,38,23.2,18.1,2.1
Rhode Island,2016,100,95.7,4.3,71.7,57.5,16.4,1.7,37.4,22.1,19,2.2
Rhode Island,2015,100,94.3,5.7,70.5,57.3,14.6,2.1,36.8,22.2,17.8,2.1
Rhode Island,2014,100,92.6,7.4,68.8,56.6,13.6,1.8,36,21.7,17.8,2.3
Rhode Island,2013,100,88.4,11.6,68.9,57.6,12.5,2.1,31.8,17.8,17.3,1.9
Rhode Island,2012,100,88.9,11.1,70.2,59.9,12.5,2.3,31.1,17.6,17.1,1.9
Rhode Island,2011,100,89.2,10.8,71.3,60.8,12.8,2.3,30.8,17.5,16.8,2
Rhode Island,2010,100,87.8,12.2,70.3,59,13.1,2.4,29.9,16.6,16.3,2.1
Rhode Island,2009,100,88.7,11.3,72.2,60.3,14.2,2.3,28.9,15.6,16,1.9
Rhode Island,2008,100,89.8,10.2,74.9,63.7,14.3,2.5,28.6,15.4,16.1,2.1
South Carolina,2024,100,91,9,67.4,52,16.6,4.7,38.3,18.8,21.6,3.4
South Carolina,2023,100,90.9,9.1,66.8,51.3,16.3,5.2,39.1,20,21.4,3.3
South Carolina,2022,100,90.9,9.1,66.9,52.1,15.5,5,38.7,19.5,21.4,3.3
South Carolina,2021,100,90,10,65.4,50.8,15.2,4.9,38.9,20,21.2,3.3
South Carolina,2020,,,,,,,,,,,
South Carolina,2019,100,89.2,10.8,66.3,52.5,14,5,37.1,18.8,20.7,3.3
South Carolina,2018,100,89.5,10.5,65.9,51.8,14.2,4.8,37.8,19.7,20.4,3.3
South Carolina,2017,100,89,11,65.4,51.3,13.8,4.8,37.2,19.4,20,3.2
South Carolina,2016,100,90,10,66.7,51.6,14.8,5.3,37.2,19.9,19.6,3.3
South Carolina,2015,100,89.1,10.9,66,51.8,14,4.6,36.5,19.6,19.1,3.1
South Carolina,2014,100,86.4,13.6,63.5,50.3,12.6,4.7,36.2,19.5,18.7,3.2
South Carolina,2013,100,84.2,15.8,62.3,50.7,11.5,4.7,34.5,18.6,18.1,3
South Carolina,2012,100,83.2,16.8,62,50.4,11.9,5.1,33.6,18.2,17.6,3
South Carolina,2011,100,83.3,16.7,62.5,50.9,11.9,4.9,32.5,17.6,17.2,2.8
South Carolina,2010,100,82.5,17.5,62.8,51.5,12,4.9,31.6,17.2,16.5,2.8
South Carolina,2009,100,83.2,16.8,64.5,52.8,13.4,4.7,30.8,17,16.4,2.7
South Carolina,2008,100,83.3,16.7,66.5,54.8,14.3,4.4,29.3,15.5,16.2,2.8
South Dakota,2024,100,91.9,8.1,73.2,54.6,19,4.4,32.1,13.4,19.7,3.9
South Dakota,2023,100,91.7,8.3,73.3,55.8,18.4,3.8,32.3,14.6,19.2,3.6
South Dakota,2022,100,91.9,8.1,73.3,55.5,17.9,4.4,32,13.9,19.3,3.9
South Dakota,2021,100,90.5,9.5,72.5,54.8,18.1,4.3,31,13.7,18.4,3.6
South Dakota,2020,,,,,,,,,,,
South Dakota,2019,100,89.8,10.2,71.8,54.4,17.7,3.6,30.7,13.1,18.8,3.7
South Dakota,2018,100,90.2,9.8,72,54.8,17.5,4.1,30.4,13.8,17.9,3.6
South Dakota,2017,100,90.9,9.1,73.2,55.6,17.8,3.9,30.9,14.5,17.6,3.9
South Dakota,2016,100,91.3,8.7,73.5,54.4,19.6,4.2,31,14.8,17.3,3.8
South Dakota,2015,100,89.8,10.2,72.7,53.3,19.2,4,30.3,14.4,17.1,3.7
South Dakota,2014,100,90.2,9.8,73.8,54.2,19.5,4.2,29.3,14.2,16.4,3.7
South Dakota,2013,100,88.7,11.3,71.7,53.4,18.8,4,30.3,15.1,16.3,3.6
South Dakota,2012,100,88.5,11.5,72.1,54.7,19.5,4.1,29.1,14.2,16.1,4
South Dakota,2011,100,88.1,11.9,71.9,55,18.7,3.7,28.8,13.8,16,3.9
South Dakota,2010,100,87.6,12.4,73.7,54.4,20.5,4.1,28,13.4,15.9,3.9
South Dakota,2009,100,86.9,13.1,72.4,54.4,20.8,3.2,28.1,13.7,15.5,3.9
South Dakota,2008,100,88.9,11.1,75.5,57.2,22.4,3.4,28.4,13.9,15.4,4.2
Tennessee,2024,100,90.3,9.7,66.8,53,14.7,3.4,35.5,18.5,19.1,2.7
Tennessee,2023,100,90.7,9.3,66.3,52.6,14.4,3.4,36.9,19.9,19.4,2.6
Tennessee,2022,100,90.7,9.3,67.2,53.3,14.5,3.5,35.9,19.3,18.9,2.5
Tennessee,2021,100,90,10,66.7,53.6,14.9,3.3,36.5,19.9,19.2,2.6
Tennessee,2020,,,,,,,,,,,
Tennessee,2019,100,89.9,10.1,66.1,53,13.5,3.7,36.2,19.6,18.9,2.8
Tennessee,2018,100,89.9,10.1,65.8,52.5,13.6,3.6,37.1,20.6,18.9,2.7
Tennessee,2017,100,90.5,9.5,66.3,53,13.5,3.4,36.8,20.6,18.6,2.7
Tennessee,2016,100,91,9,66.3,52.2,14.6,3.4,37.3,21.6,18.4,2.6
Tennessee,2015,100,89.7,10.3,65.8,51.9,14.4,3.4,35.9,20.2,18.2,2.7
Tennessee,2014,100,88,12,64.8,51.1,13.9,3.4,35.4,20,17.8,2.6
Tennessee,2013,100,86.1,13.9,63.8,51.3,12.6,3.5,34.4,19.4,17.4,2.4
Tennessee,2012,100,86.1,13.9,64.5,52.9,12.9,3.1,33.5,18.8,17.1,2.4
Tennessee,2011,100,85.4,14.6,63.4,51.9,12.3,3.3,33.3,19.2,16.7,2.4
Tennessee,2010,100,85.6,14.4,64.6,52.8,12.9,3.4,32.8,18.9,16.4,2.3
Tennessee,2009,100,85.7,14.3,65.7,54,13.4,3.1,31.8,18.4,16.2,2.3
Tennessee,2008,100,87.1,12.9,68.6,56.8,14.6,3.1,30.6,17.6,15.6,2.4
Texas,2024,100,83.3,16.7,63.9,51.5,13.4,3.1,28.2,14.9,14.5,2.5
Texas,2023,100,83.6,16.4,63.3,51.5,12.8,3.2,29.3,16.2,14.5,2.3
Texas,2022,100,83.4,16.6,62.8,51.4,12.2,3,29.6,16.9,14.2,2.3
Texas,2021,100,82,18,61.4,50.4,11.6,3.2,29.7,17,14.2,2.2
Texas,2020,,,,,,,,,,,
Texas,2019,100,81.6,18.4,61.8,51.4,10.7,2.9,28.3,15.9,14,2.2
Texas,2018,100,82.3,17.7,61.8,51,11.2,3,29,17,13.7,2.2
Texas,2017,100,82.7,17.3,62.2,51.5,11.1,3,28.9,17.1,13.4,2.1
Texas,2016,100,83.4,16.6,62.8,50.9,12.1,3,29.2,17.5,13.2,2.2
Texas,2015,100,82.9,17.1,62.3,50.8,11.6,3,29,17.5,13.1,2.1
Texas,2014,100,80.9,19.1,60.6,50.2,10.5,3,28.6,17.3,12.9,2.1
Texas,2013,100,77.9,22.1,57.9,48.8,9.5,3,28.3,17.4,12.6,2.1
Texas,2012,100,77.5,22.5,57.3,48.8,9.6,3.1,28.3,17.8,12.2,2.1
Texas,2011,100,77,23,57.4,48.8,9.3,3.1,27.6,17.3,12,2
Texas,2010,100,76.3,23.7,57.5,48.7,9.9,3,27,16.8,11.8,2
Texas,2009,100,76.2,23.8,58.9,50,10.1,2.9,25.5,15.6,11.5,2
Texas,2008,100,76.6,23.4,60.6,51.4,11.2,3,24.5,14.8,11.3,2.1
Utah,2024,100,91.7,8.3,77.9,63.5,16,2.3,22.2,10.4,12.8,1.4
Utah,2023,100,92,8,78.1,64.3,15.2,2.4,22.6,11.2,12.6,1.4
Utah,2022,100,91.9,8.1,78.4,64.4,15.4,2.5,22.2,10.9,12.4,1.4
Utah,2021,100,91,9,77.8,63.7,15.2,2.6,22.3,11.3,12.3,1.3
Utah,2020,,,,,,,,,,,
Utah,2019,100,90.3,9.7,78.5,64.6,14.8,2.5,20.7,9.7,12.1,1.5
Utah,2018,100,90.6,9.4,78.5,64.6,14.8,2.5,21.3,10.4,11.9,1.7
Utah,2017,100,90.8,9.2,78.4,64.8,14.6,2.3,21.4,10.8,11.6,1.6
Utah,2016,100,91.2,8.8,78.7,65,14.5,2.4,21.5,11.3,11.4,1.5
Utah,2015,100,89.5,10.5,77.3,63.8,14.2,2.2,21.3,11.1,11.3,1.5
Utah,2014,100,87.5,12.5,75.2,63,12.9,2.4,20.8,10.6,11.2,1.5
Utah,2013,100,86,14,73.5,62.7,11.6,2.5,21,11.2,10.9,1.5
Utah,2012,100,85.5,14.5,73.4,63.6,11.3,2.4,20.8,11.3,10.6,1.5
Utah,2011,100,84.7,15.3,72.9,62.8,11.9,2.5,20.6,11.4,10.4,1.4
Utah,2010,100,84.7,15.3,72.9,62.3,12.1,2.5,20.5,11.5,10,1.5
Utah,2009,100,85.4,14.6,75,64.4,13.2,2.3,19,10.3,9.8,1.4
Utah,2008,100,85,15,75.9,65.4,13.6,2.4,18.2,9.5,9.9,1.5
Vermont,2024,100,95.8,4.2,70.9,55.4,17.5,2.3,40.5,20.4,24,2.2
Vermont,2023,100,96.6,3.4,69.9,56.2,15.8,2.1,42.2,22.4,23.7,2.3
Vermont,2022,100,96.1,3.9,70,55.4,16.3,2.5,41.9,22.1,23.5,2.4
Vermont,2021,100,96.3,3.7,70,55.9,15.8,2.4,41.6,23.1,21.9,2.1
Vermont,2020,,,,,,,,,,,
Vermont,2019,100,95.5,4.5,68.8,54.7,15.8,2.3,42,22.9,22.5,2.5
Vermont,2018,100,96,4,69.9,56.2,14.9,2.4,40.6,22.8,21.6,2.5
Vermont,2017,100,95.4,4.6,66.5,53,14.9,2.5,44.2,26.8,21.1,2.7
Vermont,2016,100,96.3,3.7,68.2,54.4,15.5,1.8,42.7,26.2,20.5,2.4
Vermont,2015,100,96.2,3.8,68.4,55.6,13.9,2.2,42.1,25.9,20.1,2.7
Vermont,2014,100,95,5,67.6,54.5,14.1,2.1,41.8,25.9,19.7,2.8
Vermont,2013,100,92.8,7.2,66.8,55.9,12.1,2,39.7,24.4,19,2.3
Vermont,2012,100,93.5,6.5,68.7,58,12.3,1.7,38.5,23.9,18.2,2.2
Vermont,2011,100,93.4,6.6,68.7,57.3,12.6,2.8,38.4,24.4,17.3,2.4
Vermont,2010,100,92,8,67.4,56.1,12.8,2.2,38.2,24.4,17,2.5
Vermont,2009,100,91.4,8.6,69.7,58.8,13,1.8,34.9,21.7,16.3,2.3
Vermont,2008,100,91.2,8.8,71.2,59.9,14.1,1.6,33.9,21.6,16.2,2.4
Virginia,2024,100,93.1,6.9,72.7,58.7,12.9,7.7,34.4,15.9,18.6,3.9
Virginia,2023,100,93.6,6.4,72.8,58.1,13.2,7.8,34.9,17.1,18.3,3.5
Virginia,2022,100,93.5,6.5,73,59.1,13,7.6,34.2,16.6,18,3.4
Virginia,2021,100,93.2,6.8,73.9,59.9,12.7,8,32.7,15.5,17.8,3.1
Virginia,2020,,,,,,,,,,,
Virginia,2019,100,92.1,7.9,74.6,60.1,13.2,7.7,30.7,13.6,17.7,3
Virginia,2018,100,91.2,8.8,75.4,59.7,14.1,7.8,28.6,12.1,17.2,2.9
Virginia,2017,100,91.2,8.8,76.2,59.6,14.9,8,27.8,11.8,16.6,2.9
Virginia,2016,100,91.3,8.7,76.6,59.7,15.7,7.8,27.5,11.6,16.3,2.9
Virginia,2015,100,90.9,9.1,76.1,59.4,15.1,8,27.2,12,15.9,2.7
Virginia,2014,100,89.1,10.9,74.7,59.2,13.6,7.7,26.1,11.4,15.4,2.5
Virginia,2013,100,87.7,12.3,73.9,59.1,13,8,25.6,11.1,15.3,2.3
Virginia,2012,100,87.5,12.5,74.1,60.3,13,8,24.6,10.9,14.8,2.2
Virginia,2011,100,87.5,12.5,74.4,60.6,12.7,8.2,24.2,10.9,14.4,2.2
Virginia,2010,100,86.9,13.1,74.6,60.7,13.3,8.1,23.6,10.3,14.2,2.1
Virginia,2009,100,88.1,11.9,76.6,62.7,13.8,8.3,23,10.3,13.9,2.1
Virginia,2008,100,88.4,11.6,77.9,64.6,14.7,7.9,22.2,9.7,13.8,2.2
Washington,2024,100,93.5,6.5,70.8,58.8,12.7,4.1,35.6,19.6,18.1,2.6
Washington,2023,100,93.7,6.3,70.2,58.4,12.5,3.8,36.5,20.6,17.8,2.4
Washington,2022,100,93.9,6.1,70.8,58.6,13.2,3.9,36.3,20.7,17.8,2.4
Washington,2021,100,93.6,6.4,70.5,58.2,12.8,4.1,36.5,21.2,17.2,2.5
Washington,2020,,,,,,,,,,,
Washington,2019,100,93.4,6.6,71.1,58.5,12.6,4.2,35.2,19.8,17.1,2.5
Washington,2018,100,93.6,6.4,70.6,57.6,12.8,4.3,35.9,20.8,17,2.6
Washington,2017,100,93.9,6.1,70.8,57.1,13.5,4.3,35.8,21,16.6,2.6
Washington,2016,100,94,6,71.4,57.2,14.1,4.4,35.8,21.1,16.4,2.7
Washington,2015,100,93.4,6.6,71.1,56.4,14.6,4.2,35.1,20.8,16.2,2.6
Washington,2014,100,90.8,9.2,70.3,56,13.8,4.5,32.8,18.7,15.8,2.6
Washington,2013,100,86,14,68.5,55.5,12.7,4.3,29.4,15.7,15.3,2.5
Washington,2012,100,86.1,13.9,69,56.1,13.2,4.6,28.9,15.8,14.9,2.3
Washington,2011,100,85.8,14.2,68.8,55.9,13,4.5,28.7,16,14.3,2.3
Washington,2010,100,85.8,14.2,69.3,56.4,13.5,4.4,28,16,13.8,2.1
Washington,2009,100,86.6,13.4,71,58.3,13.7,4.1,27.6,15.7,13.6,2.1
Washington,2008,100,87.5,12.5,73.5,60.1,15.1,4.4,26.2,14.2,13.7,2.2
West Virginia,2024,100,94.2,5.8,63.8,54.4,11.7,2.8,46.7,25.6,24.4,3.2
West Virginia,2023,100,94.1,5.9,63.3,54.2,11.5,2.6,47.3,26.4,24.5,3.4
West Virginia,2022,100,94.1,5.9,61.8,52.9,11.6,2.5,49.2,28.4,24.4,3.7
West Virginia,2021,100,93.9,6.1,62.7,53.1,12.3,2.4,48.8,28.2,24.2,3.3
West Virginia,2020,,,,,,,,,,,
West Virginia,2019,100,93.3,6.7,62.6,54,10.2,2.5,47.5,26.6,24.3,3.8
West Virginia,2018,100,93.6,6.4,62.8,53.4,10.6,2.5,47.1,26.4,23.9,3.8
West Virginia,2017,100,93.9,6.1,62,52.4,10.4,2.1,47.6,27.9,23,3.3
West Virginia,2016,100,94.7,5.3,62.3,52.7,10.9,2.3,48.4,28.8,22.9,3.6
West Virginia,2015,100,94,6,63.4,53.8,10.6,2.2,46.2,26.8,22.2,3.6
West Virginia,2014,100,91.4,8.6,62.9,54.8,9.2,2.3,44.2,25,21.9,3.5
West Virginia,2013,100,86,14,62.8,54.8,9.2,2.2,38.5,19.6,21.3,3.6
West Virginia,2012,100,85.6,14.4,63.1,55.9,9.3,2.5,36.9,18.4,20.7,3.8
West Virginia,2011,100,85.1,14.9,62,55.1,10.3,2.1,37.6,19.7,20.5,3.4
West Virginia,2010,100,85.4,14.6,63.5,55.8,11.1,2,36.5,18.9,20.1,3.6
West Virginia,2009,100,85.8,14.2,65,57.6,11.3,2.1,36.1,18.7,19.7,3.5
West Virginia,2008,100,85.2,14.8,65.8,58.5,11.9,2.3,35,17.6,19.4,3.8
Wisconsin,2024,100,94.7,5.3,72.7,59.7,15.4,1.6,35.3,17.2,20.6,2.3
Wisconsin,2023,100,95.1,4.9,72.8,60,15.2,1.5,36,18.5,20.2,2.1
Wisconsin,2022,100,94.8,5.2,73.3,60.6,14.9,1.5,35.7,18.3,20.1,2.2
Wisconsin,2021,100,94.6,5.4,73.5,60.6,15.1,1.5,35.1,18.2,19.3,2.3
Wisconsin,2020,,,,,,,,,,,
Wisconsin,2019,100,94.3,5.7,74.3,61.8,14.5,1.4,33.2,16.5,19,2.4
Wisconsin,2018,100,94.5,5.5,74.8,62,14.6,1.5,33,16.8,18.7,2.5
Wisconsin,2017,100,94.6,5.4,75.2,62.4,14.5,1.4,32.7,17.1,18.1,2.4
Wisconsin,2016,100,94.7,5.3,75.2,61.7,15.2,1.5,33,17.8,17.8,2.4
Wisconsin,2015,100,94.3,5.7,75,61.8,14.9,1.4,32.5,17.4,17.3,2.4
Wisconsin,2014,100,92.7,7.3,73.3,61,14.1,1.4,32.2,17.3,17,2.4
Wisconsin,2013,100,90.9,9.1,71.8,60.7,13.2,1.2,31.8,17.6,16.6,2.4
Wisconsin,2012,100,91,9,72.4,61.8,13,1.4,31.2,17.2,16.1,2.3
Wisconsin,2011,100,91,9,71.7,61.2,12.7,1.3,31.6,18.3,15.4,2.3
Wisconsin,2010,100,90.6,9.4,72.8,62.1,13.2,1.3,30.6,17.4,15.1,2.3
Wisconsin,2009,100,90.6,9.4,74.8,64.5,13.1,1.3,28.8,15.9,14.7,2.3
Wisconsin,2008,100,91.2,8.8,77.7,67.1,14,1.3,26.5,14,14.5,2.1
Wyoming,2024,100,89.7,10.3,72.7,55.6,18.3,3.6,31.2,11.8,20.8,3.8
Wyoming,2023,100,89.3,10.7,71,54,18,4,33.2,13.8,20.4,3.6
Wyoming,2022,100,88.5,11.5,71,54.5,16.7,3.9,31.2,11.6,20.5,3.8
Wyoming,2021,100,87.8,12.2,71.8,54.6,16.7,4.5,30.1,11.8,19.5,3.6
Wyoming,2020,,,,,,,,,,,
Wyoming,2019,100,87.7,12.3,71.6,55.8,16,3.9,29.2,11.7,18.6,3.4
Wyoming,2018,100,89.5,10.5,74.9,60.2,15.7,4.1,27.3,10.3,18,3.7
Wyoming,2017,100,87.7,12.3,72.5,57.2,15.6,3.6,28.3,12.2,17.3,3.4
Wyoming,2016,100,88.5,11.5,74.1,58.5,16.3,3.3,27.3,12.1,16.3,3.8
Wyoming,2015,100,88.5,11.5,74.1,58.1,16.5,3.4,26.4,12,15.5,3.2
Wyoming,2014,100,88,12,73.5,58.9,14.5,3.3,26,12.5,15,3.1
Wyoming,2013,100,86.6,13.4,73.9,61.5,13.1,3.6,25.2,11,14.6,3.4
Wyoming,2012,100,84.6,15.4,69,55.5,14.5,3.5,27.5,13.9,14.8,3.5
Wyoming,2011,100,84.6,15.4,70.9,58.6,12.8,3.9,24.9,11.5,14.3,3.6
Wyoming,2010,100,85.1,14.9,70.8,58,13.4,3.7,26,12.8,13.3,3.8
Wyoming,2009,100,84.8,15.2,72,57.7,16.1,3.9,25.1,12,13.7,3.7
Wyoming,2008,100,86.3,13.7,74.9,60.6,17.1,3.8,24.6,11.4,13.5,4.2